{"cameraMode":{"drawMode":0,"name":"Shaded","section":"Shading Mode"},"sceneLighting":true,"audioPlay":false,"sceneViewState":{"showFog":true,"showMaterialUpdate":true,"showSkybox":true,"showFlares":true,"showImageEffects":true,"showParticleSystems":true},"in2DMode":false,"pivot":{"x":0.1738000065088272,"y":0.0,"z":0.09378018975257874},"rotation":{"x":0.04540935158729553,"y":-0.9511402249336243,"z":0.25342926383018496,"w":0.17042276263237},"size":0.1638355851173401,"orthographic":false}