{"cameraMode":{"drawMode":0,"name":"Shaded","section":"Shading Mode"},"sceneLighting":true,"audioPlay":false,"sceneViewState":{"showFog":true,"showMaterialUpdate":true,"showSkybox":true,"showFlares":true,"showImageEffects":true,"showParticleSystems":true},"in2DMode":false,"pivot":{"x":0.1266758292913437,"y":-0.02582174353301525,"z":-0.006608838215470314},"rotation":{"x":-0.13801255822181703,"y":0.859395444393158,"z":-0.3103000223636627,"w":-0.38223809003829958},"size":0.17162655293941499,"orthographic":true}