{"cameraMode":{"drawMode":0,"name":"Shaded","section":"Shading Mode"},"sceneLighting":false,"audioPlay":false,"sceneViewState":{"showFog":true,"showMaterialUpdate":true,"showSkybox":false,"showFlares":true,"showImageEffects":true,"showParticleSystems":true},"in2DMode":false,"pivot":{"x":0.10019999742507935,"y":0.03319999948143959,"z":0.20499999821186067},"rotation":{"x":-0.21640442311763764,"y":0.5122082829475403,"z":-0.13516345620155335,"w":-0.8200869560241699},"size":0.05715768784284592,"orthographic":true}